city,raw_temp,scraped_at,temp_celsius
ccra,Thu 8:46 pm,2026-08-27 15:46:28,8
Dublin,Thu 9:46 pm,2026-08-27 15:46:28,9
airobi,Thu 11:46 pm,2026-08-27 15:46:28,11
ddis baba,Thu 11:46 pm,2026-08-27 15:46:28,11
Edmonton,Thu 2:46 pm,2026-08-27 15:46:28,2
assau,Thu 4:46 pm,2026-08-27 15:46:29,4
delaide,Fri 6:16 am,2026-08-27 15:46:29,6
Frankfurt,Thu 10:46 pm,2026-08-27 15:46:29,10
ew Delhi,Fri 2:16 am,2026-08-27 15:46:29,2
lgiers,Thu 9:46 pm,2026-08-27 15:46:31,9
Guatemala City,Thu 2:46 pm,2026-08-27 15:46:32,2
ew Orleans,Thu 3:46 pm,2026-08-27 15:46:32,3
lmaty,Fri 1:46 am,2026-08-27 15:46:32,1
Halifax,Thu 5:46 pm,2026-08-27 15:46:33,5
ew York,Thu 4:46 pm,2026-08-27 15:46:33,4
mman,Thu 11:46 pm,2026-08-27 15:46:33,11
Hanoi,Fri 3:46 am,2026-08-27 15:46:33,3
Oslo,Thu 10:46 pm,2026-08-27 15:46:33,10
msterdam,Thu 10:46 pm,2026-08-27 15:46:33,10
Harare,Thu 10:46 pm,2026-08-27 15:46:33,10
Ottawa,Thu 4:46 pm,2026-08-27 15:46:33,4
nadyr,Fri 8:46 am,2026-08-27 15:46:33,8
Havana,Thu 4:46 pm,2026-08-27 15:46:33,4
Paris,Thu 10:46 pm,2026-08-27 15:46:33,10
nchorage,Thu 12:46 pm,2026-08-27 15:46:33,12
Helsinki,Thu 11:46 pm,2026-08-27 15:46:33,11
Perth,Fri 4:46 am,2026-08-27 15:46:33,4
nkara,Thu 11:46 pm,2026-08-27 15:46:33,11
Hong Kong,Fri 4:46 am,2026-08-27 15:46:33,4
Philadelphia,Thu 4:46 pm,2026-08-27 15:46:33,4
ntananarivo,Thu 11:46 pm,2026-08-27 15:46:33,11
Honolulu,Thu 10:46 am,2026-08-27 15:46:33,10
Phoenix,Thu 1:46 pm,2026-08-27 15:46:34,1
suncion,Thu 5:46 pm,2026-08-27 15:46:34,5
Houston,Thu 3:46 pm,2026-08-27 15:46:34,3
Prague,Thu 10:46 pm,2026-08-27 15:46:34,10
thens,Thu 11:46 pm,2026-08-27 15:46:34,11
Indianapolis,Thu 4:46 pm,2026-08-27 15:46:34,4
Reykjavik,Thu 8:46 pm,2026-08-27 15:46:34,8
tlanta,Thu 4:46 pm,2026-08-27 15:46:34,4
Islamabad,Fri 1:46 am,2026-08-27 15:46:34,1
Rio de Janeiro,Thu 5:46 pm,2026-08-27 15:46:34,5
uckland,Fri 8:46 am,2026-08-27 15:46:34,8
Istanbul,Thu 11:46 pm,2026-08-27 15:46:34,11
Riyadh,Thu 11:46 pm,2026-08-27 15:46:34,11
Baghdad,Thu 11:46 pm,2026-08-27 15:46:34,11
Jakarta,Fri 3:46 am,2026-08-27 15:46:34,3
Rome,Thu 10:46 pm,2026-08-27 15:46:34,10
Bangkok,Fri 3:46 am,2026-08-27 15:46:35,3
Jerusalem,Thu 11:46 pm,2026-08-27 15:46:35,11
Salt Lake City,Thu 2:46 pm,2026-08-27 15:46:35,2
Barcelona,Thu 10:46 pm,2026-08-27 15:46:35,10
Johannesburg,Thu 10:46 pm,2026-08-27 15:46:35,10
San Francisco,Thu 1:46 pm,2026-08-27 15:46:35,1
Beijing,Fri 4:46 am,2026-08-27 15:46:35,4
Karachi,Fri 1:46 am,2026-08-27 15:46:35,1
San Juan,Thu 4:46 pm,2026-08-27 15:46:35,4
Beirut,Thu 11:46 pm,2026-08-27 15:46:35,11
Kathmandu,Fri 2:31 am,2026-08-27 15:46:35,2
San Salvador,Thu 2:46 pm,2026-08-27 15:46:35,2
Belgrade,Thu 10:46 pm,2026-08-27 15:46:35,10
Kingston,Thu 3:46 pm,2026-08-27 15:46:35,3
Santiago,Thu 4:46 pm,2026-08-27 15:46:35,4
Bengaluru,Fri 2:16 am,2026-08-27 15:46:35,2
Kinshasa,Thu 9:46 pm,2026-08-27 15:46:35,9
Santo Domingo,Thu 4:46 pm,2026-08-27 15:46:36,4
Berlin,Thu 10:46 pm,2026-08-27 15:46:36,10
Kiritimati,Fri 10:46 am,2026-08-27 15:46:36,10
São Paulo,Thu 5:46 pm,2026-08-27 15:46:36,5
Bogota,Thu 3:46 pm,2026-08-27 15:46:36,3
Kolkata,Fri 2:16 am,2026-08-27 15:46:36,2
Seattle,Thu 1:46 pm,2026-08-27 15:46:36,1
Boston,Thu 4:46 pm,2026-08-27 15:46:36,4
Kuala Lumpur,Fri 4:46 am,2026-08-27 15:46:36,4
Seoul,Fri 5:46 am,2026-08-27 15:46:36,5
Brasilia,Thu 5:46 pm,2026-08-27 15:46:36,5
Kuwait City,Thu 11:46 pm,2026-08-27 15:46:36,11
Shanghai,Fri 4:46 am,2026-08-27 15:46:36,4
Brisbane,Fri 6:46 am,2026-08-27 15:46:36,6
Kyiv,Thu 11:46 pm,2026-08-27 15:46:36,11
Singapore,Fri 4:46 am,2026-08-27 15:46:36,4
Brussels,Thu 10:46 pm,2026-08-27 15:46:36,10
La Paz,Thu 4:46 pm,2026-08-27 15:46:36,4
Sofia,Thu 11:46 pm,2026-08-27 15:46:36,11
Bucharest,Thu 11:46 pm,2026-08-27 15:46:36,11
Lagos,Thu 9:46 pm,2026-08-27 15:46:37,9
St. John's,Thu 6:16 pm,2026-08-27 15:46:37,6
Budapest,Thu 10:46 pm,2026-08-27 15:46:37,10
Lahore,Fri 1:46 am,2026-08-27 15:46:37,1
Stockholm,Thu 10:46 pm,2026-08-27 15:46:37,10
Buenos ires,Thu 5:46 pm,2026-08-27 15:46:37,5
Las Vegas,Thu 1:46 pm,2026-08-27 15:46:37,1
Suva,Fri 8:46 am,2026-08-27 15:46:37,8
Cairo,Thu 11:46 pm,2026-08-27 15:46:37,11
Lima,Thu 3:46 pm,2026-08-27 15:46:37,3
Sydney,Fri 6:46 am,2026-08-27 15:46:37,6
Calgary,Thu 2:46 pm,2026-08-27 15:46:37,2
Lisbon,Thu 9:46 pm,2026-08-27 15:46:37,9
Taipei,Fri 4:46 am,2026-08-27 15:46:37,4
Canberra,Fri 6:46 am,2026-08-27 15:46:37,6
London,Thu 9:46 pm,2026-08-27 15:46:37,9
Tallinn,Thu 11:46 pm,2026-08-27 15:46:37,11
Cape Town,Thu 10:46 pm,2026-08-27 15:46:37,10
Los ngeles,Thu 1:46 pm,2026-08-27 15:46:37,1
Tashkent,Fri 1:46 am,2026-08-27 15:46:37,1
Caracas,Thu 4:46 pm,2026-08-27 15:46:37,4
Madrid,Thu 10:46 pm,2026-08-27 15:46:37,10
Tegucigalpa,Thu 2:46 pm,2026-08-27 15:46:37,2
Casablanca,Thu 9:46 pm,2026-08-27 15:46:38,9
Managua,Thu 2:46 pm,2026-08-27 15:46:38,2
Tehran,Fri 12:16 am,2026-08-27 15:46:38,12
Chicago,Thu 3:46 pm,2026-08-27 15:46:38,3
Manila,Fri 4:46 am,2026-08-27 15:46:38,4
Tokyo,Fri 5:46 am,2026-08-27 15:46:38,5
Copenhagen,Thu 10:46 pm,2026-08-27 15:46:38,10
Melbourne,Fri 6:46 am,2026-08-27 15:46:38,6
Toronto,Thu 4:46 pm,2026-08-27 15:46:38,4
Dallas,Thu 3:46 pm,2026-08-27 15:46:38,3
Mexico City,Thu 2:46 pm,2026-08-27 15:46:38,2
Vancouver,Thu 1:46 pm,2026-08-27 15:46:38,1
Dar es Salaam,Thu 11:46 pm,2026-08-27 15:46:38,11
Miami,Thu 4:46 pm,2026-08-27 15:46:38,4
Vienna,Thu 10:46 pm,2026-08-27 15:46:38,10
Darwin,Fri 6:16 am,2026-08-27 15:46:38,6
Minneapolis,Thu 3:46 pm,2026-08-27 15:46:38,3
Warsaw,Thu 10:46 pm,2026-08-27 15:46:38,10
Denver,Thu 2:46 pm,2026-08-27 15:46:38,2
Minsk,Thu 11:46 pm,2026-08-27 15:46:38,11
Washington DC,Thu 4:46 pm,2026-08-27 15:46:38,4
Detroit,Thu 4:46 pm,2026-08-27 15:46:38,4
Montevideo,Thu 5:46 pm,2026-08-27 15:46:38,5
Winnipeg,Thu 3:46 pm,2026-08-27 15:46:38,3
Dhaka,Fri 2:46 am,2026-08-27 15:46:38,2
Montréal,Thu 4:46 pm,2026-08-27 15:46:39,4
Yangon,Fri 3:16 am,2026-08-27 15:46:39,3
Doha,Thu 11:46 pm,2026-08-27 15:46:39,11
Moscow,Thu 11:46 pm,2026-08-27 15:46:39,11
Zagreb,Thu 10:46 pm,2026-08-27 15:46:39,10
Dubai,Fri 12:46 am,2026-08-27 15:46:39,12
Mumbai,Fri 2:16 am,2026-08-27 15:46:39,2
Zürich,Thu 10:46 pm,2026-08-27 15:46:39,10
